elem,nrg,nAtoms
Cd,-0.73956666,1
Cu,-3.72599117,1
Ge,-8.98558047,2
Se,-10.49486488,3
S,-24.3706992,6
